Title,Date,Image
World Cup Round 5 Game 1: Multiple victories and surprises in Baku,,
FIDE World Senior Team Championships 2023: Registration deadline extended,,
FIDE against sexism and sexual abuse in chess,,
Second FIDE Council Meeting of 2023 took place in Baku,,
FIDE World Junior Rapid & Blitz U20 Championship: Free accommodation available,,
GM Aleksandar Matanovic dies at 93,,
"FIDE World Cup: Carlsen remains in the race, but Wesley So is out",,
3rd Intercontinental Online Chess Championship for Prisoners: Registration continues,,
"FIDE August 2023 rating list: Gukesh, Le Quang Liem and Praggnanandhaa reach career-high",,
Call of Interest for Arbiters in World Events 2024-2025,,
